filename,auto_similarity,ensemble_similarity,improvement
image (12).jpg,0.1324921135646687,0.7865,0.6540078864353313
Screenshot_3.png,0.0331491712707182,1.0,0.9668508287292819
Screenshot_4.png,0.7804878048780488,0.8571,0.07661219512195117
Screenshot_9.png,0.0,0.4301,0.4301
Screenshot_11.png,0.8571428571428571,0.8261,-0.03104285714285715
Screenshot_13.png,0.2427745664739884,0.3438,0.1010254335260116
