,precision,recall,f1-score,support
handwritten,0.8,1.0,0.8888888888888888,4.0
manga,0.6666666666666666,1.0,0.8,4.0
stylized,1.0,0.25,0.4,4.0
accuracy,0.75,0.75,0.75,0.75
macro avg,0.8222222222222223,0.75,0.6962962962962963,12.0
weighted avg,0.8222222222222223,0.75,0.6962962962962963,12.0
